Date,News Title
2/16/2022,"Tesla is a tough stock to short, says Sarat Sethi"
2/23/2022,Elon Musk says President Biden has ‘pointedly ignored’ Tesla
2/23/2022,"Jim Cramer breaks down shares of Ford, General Motors and Tesla"
2/28/2022,"Here are Monday’s biggest analyst calls of the day: Apple, Tesla, Best Buy, Starbucks, Exxon ..."
6/3/2022,"Here are Friday’s biggest analyst calls of the day: Tesla, Apple, Snowflake, Exxon, Micron & ..."
6/6/2022,"Here are Monday’s biggest analyst calls: Tesla, Amazon, Spotify, CrowdStrike, Apple, Disney & more"
6/10/2022,"Here are Friday’s biggest analyst calls of the day: Tesla, DocuSign, Netflix, Roblox, Apple & ..."
6/13/2022,"Here are Monday’s biggest analyst calls of the day: Apple, Tesla, Coca-Cola, Ulta, Amazon & ..."
6/14/2022,"Here are Tuesday’s biggest analyst calls: Coinbase, Apple, Amazon, Best Buy, Netflix, Tesla & more"
6/20/2022,"How GM, Ford and Tesla are tackling the national EV charging challenge"
6/24/2022,"Here are Friday’s biggest analyst calls: Tesla, Apple, Sunoco, Exxon, Microsoft, Uber & more"
6/28/2022,"Here are Tuesday’s biggest analyst: Amazon, FedEx, Snowflake, Tesla, UPS, eBay, Micron & more"
6/29/2022,"Here are Wednesday’s biggest analyst calls: Tesla, Goldman Sachs, Penn, Amazon, McDonald’s & more"
6/30/2022,"Here are Thursday’s biggest analyst calls: Tesla, Coinbase, Etsy, Nio, Disney, Netflix, Simon & more"
7/1/2022,"Big technology stocks like Tesla, Amazon and Microsoft just finished their worst quarter in years"
1/27/2022,Loup Ventures’ Gene Munster preps for Tesla earnings call
11/15/2022,Charlie Munger: What Tesla has done in the car industry is a minor miracle
11/24/2022,Tesla upgraded to neutral at Citi
6/30/2023,It’s not just Tesla and Rivian — electric batteries are also shaking up the landscaping ...
7/3/2023,"Stocks eke out small gain to start second half of 2023, Tesla rises 6%: Live ..."
3/26/2024,"Telsa price cuts are to keep the factories humming, says DVX Ventures CEO"
12/12/2020,Tesla to replace Apartment Investment and Management in the S&P 500
1/2/2021,"Tesla reports 499,550 vehicle deliveries for 2020, slightly missing target"
1/28/2021,"Tesla misses on earnings, expects 50% average annual growth in deliveries going forward"
1/28/2021,Tesla Semi production on hold until company can make its own batteries
1/30/2021,"Tesla service now includes collision repairs, fulfilling Elon Musk’s 2018 promise"
2/2/2021,"Tesla to recall more than 130,000 cars following regulators’ pressure"
2/8/2021,"Major Tesla shareholder Ron Baron not surprised by bitcoin, wants to explore rationale"
2/24/2021,"Cathie Wood bought a ton more Tesla amid Tuesday’s sell-off, possibly sparking turnaround"
3/2/2021,Tesla vs. Lucid: Here’s how the EV rivals are and aren’t alike
3/4/2021,Fiat Chrysler spent over $300 million on green credits in Europe last year — mostly ...
3/4/2021,Billionaire investor Ron Baron’s firm sold 1.8 million Tesla shares despite saying price will hit ...
3/6/2021,Tesla launches social platform to spur owners to take political action on its behalf
3/9/2021,"Cathie Wood says she is still bullish on Tesla, hints at a new price target"
3/13/2021,A federal agency warns Tesla tests unfinished driverless tech on its users
3/16/2021,Tesla moves Automotive president Jerome Guillen to lead trucking business
3/16/2021,"NHTSA investigating ‘violent’ Tesla crash, Autopilot not ruled out yet"
3/16/2021,"GM and Ford take cues from Tesla’s success, but try to avoid Musk’s mistakes"
3/17/2021,"Tesla is in a bubble and it’s ‘going down,’ top fund manager says"
3/17/2021,Tesla faces second NHTSA probe in Michigan this month
3/26/2021,Tesla ordered to have Elon Musk delete anti-union tweet
4/12/2021,"Canaccord Genuity upgrades Tesla to buy and raises price target to $1,071 on battery innovation"
4/15/2021,Ford CEO takes shot at Tesla for using customers to test unfinished tech
4/21/2021,"Tesla vice president of legal Al Prescott leaves to join Luminar, a lidar company"
4/28/2021,Tesla accused of environmental rule violations in U.S. and Germany
5/8/2021,"Tesla can’t promise driverless cars in 2021, engineer tells California DMV"
5/20/2021,"Tesla could shed another $110 before it finds support, analyst warns"
6/2/2021,"Tesla recalls 6,000 cars over risk of loose bolts"
6/3/2021,Tesla recalls hundreds of Model 3 cars that were shipped to China
6/4/2021,"Tesla is recalling up to 7,696 Model 3 and Y vehicles over seat belt issues"
6/7/2021,Elon Musk says Tesla officially canceled the Model S Plaid Plus
6/9/2021,Tesla’s China sales struggle to bounce back from an April slump
6/10/2021,"Tesla to launch high-end Model S ‘Plaid’ to fend off Mercedes, Porsche"
8/10/2021,"Tesla sold 32,968 China-made vehicles in July, local sales plunged month over month"
8/16/2021,U.S. agency opens formal probe into Tesla Autopilot system
8/17/2021,"Here are Tuesday’s biggest analyst calls of the day: Apple, Tesla, Robinhood, First Solar & ..."
8/21/2021,"These are the stocks big hedge funds are betting against, including Tesla, AMC and airlines"
9/15/2021,Tesla Autopilot to be compared with 12 other carmakers’ systems in NHTSA probe
9/24/2021,"Here are Friday’s biggest analyst calls of the day: Tesla, Coinbase, Robinhood, GM, Nike & ..."
9/29/2021,Tesla CEO Elon Musk says U.S. government should avoid regulating crypto
9/29/2021,Why a top climate investor is worried about all the market money in Tesla
10/4/2021,"Tesla’s deliveries were strong, but stock’s valuation is still out of whack, JPMorgan says"
10/13/2021,"Here are Wednesday’s biggest analyst calls of the day: Chipotle, Tesla, Apple, GM, Amazon & ..."
10/21/2021,"It’s wrong to value Tesla for an auto company, Needham analyst says"
10/21/2021,"Watch CNBC’s full discussion with Jim Cramer, who sees Tesla shares going to $1,000"
10/22/2021,Tesla shares close at all-time high
10/25/2021,"Hertz orders 100,000 Tesla Model 3 vehicles"
10/27/2021,"Goldman hikes price target on Tesla, says Hertz deal can help stock rise another 10%"
10/27/2021,"Here are Wednesday’s biggest analyst calls of the day: Twitter, Alphabet, Tesla, Microsoft & more"
10/28/2021,"Tesla is setting the bar for electric vehicles, VW CEO admits"
10/30/2021,Hedge funds went from short Tesla to long before the EV company hit $1 trillion ...
12/21/2021,"Tesla, Lucid Motors initiated Neutral at Guggenheim"
12/21/2021,"Top auto analyst Adam Jonas shares his 2022 surprises, plus a prediction for a big ..."
12/23/2021,"Drama aside, Tesla is a momentum stock, says Canaccord’s Dorsheimer"
12/23/2021,Watch CNBC’s full interview with Canaccord Genuity’s Jed Dorsheimer on what he sees for Tesla
12/24/2021,"Volkswagen, Chinese EV companies best positioned to challenge Tesla, former board member says"
12/29/2021,"‘For Tesla, the haters are going to continue to hate,’ says Wedbush’ Ives"
12/29/2021,"Why 2022 could be a golden year for Tesla, says Wedbush’s Dan Ives"
12/29/2021,"Elon Musk sells 934,000 Tesla shares"
12/29/2021,Najarian: The options action suggests investors still believe Elon Musk and Tesla will continue to ...
12/29/2021,Tesla can deliver over a million vehicles in 2022: Loup Ventures’ Gene Munster
12/29/2021,Here is the bull and bear case for Tesla in 2022
12/30/2021,"Tesla recall won’t materially affect the stock, says Mizuho’s Vijay Rakesh"
12/30/2021,"Tesla will benefit from strong electric vehicle demand in 2022, says Mizuho’s Rakesh"
1/1/2022,"For Tesla, 2022 will be about momentum, says WSJ reporter Tim Higgins"
1/3/2022,"Tesla, GM and more: Goldman names the EV stocks to buy going into 2022"
1/3/2022,"Dow jumps more than 200 points to record close to start 2022, Tesla boosts Nasdaq ..."
1/3/2022,"Tesla reports record number of vehicle deliveries in Q4 at 308,600"
1/4/2022,"Jim Cramer: 2022 is pivotal for Ford, needs to get EV truck out ahead of ..."
1/4/2022,Here’s what to watch for in Tesla’s stock
1/4/2022,Roofing giant takes on Tesla to make solar roof shingles more affordable
1/4/2022,Investment analyst says now might not be the time to buy Apple or Tesla shares
1/6/2022,Tesla’s Model 3 was the UK’s second most popular new car in 2021
1/12/2022,"Here are Wednesday’s biggest analyst calls of the day: Apple, Shopify, Southwest Airlines, Tesla & ..."
1/13/2022,"Watch CNBC’s Jim Cramer discusses shares of Ford, Tesla, Snowflake and more"
1/26/2022,Options Action: Look ahead to Tesla earnings
5/5/2022,"Here are Thursday’s biggest analyst calls of the day: Tesla, Tupperware, Hostess, Levi’s, Uber & ..."
5/9/2022,"Here are Monday’s biggest analyst calls of the day: Tesla, Dish, FedEx, Match, Rivian, WeWork ..."
5/10/2022,"Here are Tuesday’s biggest analyst calls of the day: Apple, Tesla, GM, Palantir, Robinhood & ..."
5/18/2022,"Viking Global builds on Amazon position, dumps FedEx and Tesla in active first quarter"
5/19/2022,"Here are Thursday’s biggest analyst calls of the day: Apple, Tesla, CSX, Under Armour, Target ..."
5/24/2022,"These EV battery stocks will dominate — despite the threat posed by Tesla, Bernstein says"
5/26/2022,"Here are Thursday’s biggest analyst calls: Tesla, Lululemon, Apple, CrowdStrike, Kraft Heinz & more"
5/31/2022,"Here are Tuesday’s biggest analyst calls of the day: Tesla, Dish, Nio, Zoom, Rivian, Imax ..."
6/1/2022,"Here are Wednesday’s biggest analyst calls: Amazon, Netflix, Etsy, Nvidia, Nike, Ford, Tesla & more"
6/2/2022,"Here are Thursday’s biggest analyst calls: Netflix, Snap, Tesla, Home Depot, GameStop, Twilio & more"
11/1/2022,Forget Tesla? Citi and HSBC name 2 alternatives to play the EV boom
11/7/2022,"Watch Loup’s Gene Munster break down shares of Meta, Apple and Tesla"
11/7/2022,"Here are Monday’s biggest analyst calls: Tesla, Apple, Costco, DoorDash, Berkshire Hathaway and more"
11/8/2022,Cramer’s lightning round: I think Tesla is a decent situation
11/10/2022,Musk sells 19.5 million more Tesla shares
1/14/2022,Trading the EV race as trouble brews at Tesla
6/21/2023,"GM and Ford are not Tesla’s competitors, says Deutsche Bank’s Emmanuel Rosner"
11/10/2020,Tesla expands warranty to cover defective main computers in some Model S and X vehicles
12/1/2020,Tesla’s stock will be added to the S&P 500 in a single step before the ...
12/1/2020,"LG Chem to double China battery capacity to meet Tesla demand: Reuters, citing sources"
12/4/2020,Kelly Evans: Being wrong on Tesla
12/5/2020,Tesla publishes its first-ever diversity report revealing leadership is 83% male and 59% White
12/8/2020,"Tesla to raise up to $5 billion in share offering, its second in three months"
12/11/2020,Volatile Tesla’s entry into the S&P 500 may not be a quiet ride for the ...
12/15/2020,Tesla’s market cap tops the 9 largest automakers combined — Experts disagree about if that ...
12/15/2020,Ford wants some Tesla buzz as all-electric Mach-E Mustang hits showrooms
12/18/2020,"How Tesla’s inclusion will impact the S&P 500′s performance and valuation, according to Goldman"
12/19/2020,Jay Leno reveals what he thinks is the genius behind Elon Musk and Tesla
12/22/2020,Researcher says Tesla stock is too expensive and in bubble territory following Apple car report
1/6/2021,Morgan Stanley’s Adam Jonas raises Tesla price target to a Wall Street high of $810
1/14/2021,"U.S. vehicle safety agency asks Tesla to recall 158,716 older vehicles over touchscreen glitches"
1/21/2021,"Jim Chanos is no longer short Tesla, but he’s still betting against the stock"
1/23/2021,Tesla posts several job openings for Semi truck production lines in Nevada
1/23/2021,Tesla sues former employee for allegedly stealing software code
2/20/2021,"What investors are missing when it comes to Tesla’s valuation, according to trader"
2/23/2021,"Tesla drops as much as 13%, turns negative for the year"
2/23/2021,"Tesla’s share price is now directly tied to the value of bitcoin, analyst says"
3/16/2021,Volkswagen CEO says he wants to ‘get close and then overtake’ Tesla
3/24/2021,Elon Musk says people can now buy a Tesla with bitcoin
4/1/2021,Apple will use Tesla Megapack batteries at its solar farm facility
4/5/2021,Tesla shares jump as much as 7% after first-quarter sales surge
4/20/2021,Elon Musk says Autopilot was not enabled in Tesla crash in Texas
4/27/2021,Tesla’s bitcoin speculation helped boost profits by more than $100 million in Q1
4/28/2021,"Hedge fund manager Dan Niles is short Tesla, but is betting on electric vehicles with ..."
4/28/2021,Auto lobby seeks update to federal car safety standards following Tesla crashes
6/30/2021,"Tesla Model 3 regains safety endorsements from Consumer Reports, IIHS"
7/2/2021,"Tesla Model S Plaid caught fire while driver was at the wheel, says fire chief"
7/9/2021,Cramer says he’d rather own Tesla than GM right now — but this auto maker ...
7/22/2021,"Elon Musk walks back his fossil fuel worries, says Tesla will likely start accepting bitcoin ..."
7/27/2021,"Tesla reports more than $1 billion in net income during Q2, up tenfold from a ..."
8/9/2021,"Jefferies upgrades Tesla, predicts shares to rally 22%, says company is still the innovation leader"
8/20/2021,Elon Musk’s Tesla is developing a humanoid robot — Meet ‘Tesla Bot’
9/9/2021,Chinese Tesla rival XPeng plans new vehicles and targets a distant future in robots and ...
9/14/2021,"Cathie Wood sees big gains for stocks, crypto and Tesla: ’If we are right, the ..."
9/15/2021,"From ‘blatantly biased’ to ‘discriminatory:’ Tesla, Toyota and Honda criticize $4,500 EV tax incentive for ..."
9/15/2021,"Bank of America predicts 50% gain in Lucid, compares EV maker to Tesla and Ferrari"
11/15/2021,There’s an overall buoyancy to EV stocks: Fmr. Tesla president McNeill
11/15/2021,"Tesla, Nvidia and Microsoft are ‘way ahead of themselves,’ trader warns"
11/16/2021,"Stocks making the biggest moves midday: Boeing, Dollar Tree, Tesla and more"
11/16/2021,Taxes aren’t the only reason Elon Musk is selling Tesla stock
11/16/2021,Here’s a breakdown of Elon Musk’s Tesla stock sell-off
11/17/2021,Here’s why battery manufacturers like Samsung and Panasonic and car makers like Tesla are embracing ...
11/18/2021,"Jim Cramer: Tesla could be like Amazon, and there is no second Amazon"
11/19/2021,"Here are Friday’s biggest analyst calls of the day: Tesla, Amazon, Plug Power, Delta & ..."
11/24/2021,Creator Robin Wigglesworth explains the ‘Tesla-financial complex’
11/25/2021,"Ark Invest’s Cathie Wood: Apple should’ve bought Tesla, but ‘we’re happy they didn’t’"
12/2/2021,"Cathie Wood gives the 2022 outlook for her funds and talks Tesla, Rivian, metaverse and ..."
12/3/2021,"Elon Musk exercises more options, sells Tesla shares worth $1.01 billion"
12/4/2021,Tesla CEO Elon Musk sells more shares to pay taxes
12/4/2021,How to play Tesla if you see shares heading in reverse
12/8/2021,"Stocks making the biggest moves midday: Apple, Tesla, Starbucks and more"
12/9/2021,"Tesla takes a breather, and trader sees potential trouble ahead"
12/9/2021,"Tesla, bitcoin, growth stocks? Which market bubbles may pop next"
12/10/2021,"Investors should be negative on Tesla, says GLJ Research’s Johnson"
12/10/2021,Goldman says buy this stock with exposure to Tesla and Rivian as EV market grows
12/15/2021,"Tesla stock hit by growing competition, says CFRA’s Garrett Nelson"
12/15/2021,Loup’s Gene Munster says Elon Musk’s Tesla stock sales are a smart move
4/1/2022,"Here are Friday’s biggest analyst calls of the day: Snap, Tesla, Alphabet, Gap, Wynn, Apple ..."
4/4/2022,"Here are Monday’s biggest analyst calls of the day: Tesla, Apple, JPMorgan, Nio, Amazon, & ..."
4/4/2022,Jim Cramer reacts to Elon Musk’s Twitter stake and Tesla’s Q1 vehicle deliveries
4/4/2022,"I would not worry about Tesla’s supply-chain issues in short term, says DVX Ventures CEO"
4/6/2022,"Here are Wednesday’s biggest analyst calls of the day: Caterpillar, Apple, Tesla, Rivian & more"
4/7/2022,"Here are Thursday’s biggest analyst calls of the day: Apple, Netflix, Tesla, Unity, Disney & ..."
4/12/2022,"EV maker Lucid debuts its latest Tesla rival, a high-performance luxury sedan with a 446-mile ..."
4/15/2022,"Stocks making the biggest moves midday: Twitter, Tesla, Goldman Sachs, IBM and more"
4/18/2022,"Inside Rivian’s EV plant and CEO RJ Scaringe’s strategy for growth, lower-priced EVs and competing ..."
4/19/2022,"Here are Tuesday’s biggest analyst calls of the day: Tesla, Amazon, Roblox, Apple, WeWork & ..."
4/21/2022,Here’s what investors need to know about Tesla’s Q1 earnings
4/21/2022,"Over half of Tesla’s value could be attributed to robotaxi business, says Ark Invest’s Tasha ..."
4/21/2022,Jim Cramer reacts to Tesla’s Q1 earnings: It was a ‘tour de force’
4/21/2022,"Thursday, April 21, 2022: Markets are strong led by Tesla and airlines stocks are on ..."
4/22/2022,Tesla’s stock surges after strong earnings
4/25/2022,Tesla’s Elon Musk is a visionary says former Renault-Nissan executive Carlos Ghosn
5/1/2022,"Detroit automakers aren’t letting up on a long-standing rivalry, even as they pivot to take ..."
9/28/2022,"Here are Wednesday’s biggest analyst calls: Tesla, Apple, Netflix, Nike, Biogen, Levi Strauss & more"
10/8/2022,"Investors should buy AMD and Tesla to ride out volatile market, says Keith Fitz-Gerald"
10/14/2022,"Inside the only lithium producer in the U.S., which provides the critical mineral used in ..."
10/15/2022,"Stocks making the biggest moves midday: JPMorgan Chase, Albertsons, Tesla, Beyond Meat, Delta and more"
4/9/2022,Elon Musk teases Tesla’s entry into lithium mining
4/21/2022,Checking in on Tesla’s earnings call
9/24/2020,"Here’s Tesla’s key level after Battery Day disappointment, according to one trader"
10/2/2020,"Tesla delivered 139,300 vehicles in Q3"
10/2/2020,"Tesla Autopilot gets ‘moderate’ grade from European vehicle safety authority while Audi, BMW and Mercedes ..."
10/8/2020,"Tesla owner says he butt-dialed a $4,280 Autopilot upgrade — and is still waiting on ..."
10/16/2020,"Morgan Stanley raises Tesla target based on delivery numbers, but firm still on the sidelines"
10/22/2020,Why Tesla’s 20-million electric vehicle goal could next take Elon Musk to India
10/27/2020,Tesla paid CEO Elon Musk $3 million to provide indemnity for directors and officers against ...
11/10/2020,What a Biden White House could mean for Tesla
11/21/2020,California gives Tesla ‘essential workforce’ exemption from new Covid-19 health orders
11/21/2020,One theory on why Tesla is back to a record high
11/25/2020,"Tesla recalls 9,500 Model X and Model Y cars over roof, bolt issues"
12/2/2020,Tesla CEO Elon Musk says if rival asked for a merger he’d ‘have that conversation’ ...
12/4/2020,"‘Ride the wave’ in Tesla as stock climbs on $780 price target from Goldman Sachs, ..."
12/11/2020,"Jefferies downgrades Tesla, says it doesn’t believe electric carmaker can dominate auto industry"
12/13/2020,Tesla tells employees Model S and X production will shut down for 18 days
12/18/2020,Traders brace for wild action and historic volume ahead of Tesla’s entry into the S&P ...
12/21/2020,"Tesla shares fall 6% as it enters the S&P 500 with 1.69% weighting, fifth largest"
1/12/2021,"Citi downgrades Nio, saying red hot China EV play may have trouble challenging Tesla"
1/18/2021,Tesla delivers its first Shanghai-made Model Y crossovers in China
1/21/2021,Tesla Model 3 reportedly explodes in Shanghai parking garage
2/8/2021,"Tesla buys $1.5 billion in bitcoin, plans to accept it as payment"
2/9/2021,"Bitcoin is headed higher long term, but don’t chase now on Tesla buy, BTIG strategist ..."
2/10/2021,"Tesla’s bitcoin move will spur more company purchases, drive price higher, Ark Invest says"
2/18/2021,"Cathie Wood says her confidence is growing in Tesla, Ark Invest has been adding to ..."
2/22/2021,"Tesla has made about $1 billion in profit on its bitcoin investment, analyst estimates"
3/1/2021,Not just Tesla: Tech analyst says electric vehicle stocks could soar 50% this year
3/3/2021,India woos Tesla with offer of cheaper production costs than China
3/3/2021,Why some Chinese are buying local electric car brands like Nio — instead of Tesla
3/10/2021,"Tesla surges 20%, nearly wiping out five straight days of selling"
5/3/2021,Tesla is reportedly boosting engagement with regulators in China as it faces scrutiny in the ...
5/11/2021,"NTSB releases preliminary report on fatal Tesla crash in Spring, Texas"
5/11/2021,Tesla puts brake on Shanghai land buy as U.S.-China tensions weigh: sources
5/13/2021,As much as $365 billion wiped off cryptocurrency market after Tesla stops car purchases with ...
5/17/2021,Elon Musk clarifies that ‘Tesla has not sold any Bitcoin’
5/18/2021,What ‘regulatory credits’ are — and why they’re so important to Tesla
5/19/2021,"Elon Musk tweets ‘diamond hands’ emoji amid bitcoin drop, implying Tesla won’t sell"
5/19/2021,"Tesla, Coinbase lead drop in crypto-related stocks as bitcoin plunges"
5/29/2021,How Tesla is quietly expanding its energy storage business
6/8/2021,Tesla veteran Jerome Guillen leaves after less than three months leading trucking business
6/25/2021,"Panasonic sold its entire stake in Tesla last fiscal year, report says"
7/2/2021,Inside Volvo-backed Polestar’s plan to compete with Tesla in the U.S.
7/19/2021,"Chinese electric carmaker Xpeng prices its new sedan at $24,700 undercutting Tesla"
7/21/2021,"In push to supply Tesla, Piedmont Lithium irks North Carolina neighbors"
7/22/2021,Shares of Australian miner BHP jump 3% after news of nickel supply deal with Tesla
7/27/2021,Profitability is an important metric in upcoming Tesla earnings report
7/27/2021,Tesla shares pop after hours following earnings report
7/27/2021,"Stocks making the biggest moves after hours: Tesla, F5 Networks, Coinbase and more"
8/5/2021,Pete Buttigieg says he doesn’t know why Elon Musk’s Tesla wasn’t invited to Biden’s clean-car ...
8/5/2021,Tesla Megapack fire highlights issues to be solved for utility ‘big batteries’
10/2/2021,Auto executive turned international fugitive Carlos Ghosn says German automakers are best positioned to challenge ...
10/4/2021,Tesla Q3 deliveries beat Wall Street estimates — Here’s how it compared to Ford and ...
10/5/2021,"Trading Nation: As Tesla bucks market sell-off, Oppenheimer charts where stock heads next"
10/6/2021,Tesla ordered to pay $137M to ex-worker over hostile work environment
10/7/2021,GM says it will double annual revenue by 2030 to $280 billion in digital push ...
10/8/2021,Counting down to Tesla’s annual shareholder meeting
10/8/2021,"Musk moving Tesla headquarters to Austin, Texas"
10/8/2021,"Here are Friday’s biggest analyst calls of the day: Home Depot, Tesla, Caterpillar, Apple, GM ..."
10/8/2021,8VC founder Joe Lonsdale on Elon Musk’s decision to move Tesla to Texas
10/8/2021,"Tesla moving to Texas is a big win for the state, says Gene Munster"
10/9/2021,Here’s why one analyst thinks Tesla is ‘Apple-esque’
10/9/2021,Why this Tesla analyst is bullish on the stock after the shareholder meeting
10/9/2021,"Trading Nation: What Alphabet, Tesla and Crocs have in common"
10/9/2021,Craig Irwin from Roth Capital Partners explains his $150 price target for Tesla
10/11/2021,"Green hydrogen, Tesla and more: Morgan Stanley names stocks set to pop"
10/13/2021,Options Action: Tesla jumps
10/15/2021,Tesla takes two of three top spots in China’s most popular EV list
10/16/2021,Cramer’s week ahead: I expect a blowout quarter from Tesla
10/20/2021,Options Action: Tesla earnings on tap
10/20/2021,"Wedbush’s Joel Kulina breaks down Netflix, Tesla reports"
10/20/2021,"Here are Wednesday’s biggest analyst calls of the day: Tesla, Amazon, McDonald’s, Netflix & more"
10/21/2021,"Baird analyst Ben Kallo looks ahead to Tesla Q3 earnings, conference call: Not just a ..."
10/21/2021,"SpaceX expected to become more valuable than Tesla, Morgan Stanley survey finds"
10/21/2021,Tesla reports record revenue and profits in Q3 — Four experts discuss the stock now
10/21/2021,Fmr. Tesla exec on key takeaways from company’s Q3 earnings
10/21/2021,"Jim Cramer on AT&T, Tesla, HP, Unilever and more"
10/21/2021,"Tesla has set up its two existing factories to be ‘extremely profitable,’ says equity strategist"
10/25/2021,"Tesla soars after Hertz announces plan to buy 100,000 cars"
10/26/2021,"Stocks making the biggest moves midday: Tesla, PayPal, Pinterest and more"
10/26/2021,Steve Weiss buys Tesla calls ahead of the company passing a $1 trillion valuation
10/26/2021,Wedbush’s Ives says Tesla demand outstrips supply
10/26/2021,Tesla hits an all-time high $1 trillion valuation
10/26/2021,"Trading Nation: Two traders debate how much further Tesla can run up, now that it’s ..."
10/26/2021,Tesla’s China sales have grown to nearly half the size of the company’s U.S. sales
10/26/2021,"Tesla’s valuation is too much for me, says Roth Capital’s Craig Irwin"
10/27/2021,"The Investment Committee on Tesla: This one is just a monster, says Najarian"
10/27/2021,"GM can ‘absolutely’ catch Tesla by 2025, CEO Mary Barra says"
10/28/2021,"Cramer says Ford CEO ‘ready to bury’ Elon Musk and Tesla, still loves Ford stock"
10/29/2021,"Tesla could be a $2.5 trillion company, says Loup Ventures’ Munster"
11/1/2021,Susquehanna’s Chris Murphy breaks down the recent call action in Tesla as the stock hits ...
11/1/2021,Jim Cramer on electric car shares and why Tesla is a ‘phenomenon’
11/1/2021,"Watch CNBC’s full discussion with Jim Cramer on shares of Tesla, Barclays CEO and more"
11/2/2021,"Pete Najarian’s latest options moves on Tesla, Microsoft and Meta (formerly Facebook)"
11/2/2021,Ark Invest analyst says Tesla’s robotaxi platforms could drive $9T revenue
11/2/2021,Hertz deal with Tesla in question after Musk tweet
11/2/2021,Why Jim Cramer thinks it’s ‘a mistake’ to sell Tesla on dip
11/3/2021,The Margins co-editor tries to put Tesla’s valuation in context
11/3/2021,"Ford, GM and Toyota ‘started too late’ in EV push: fmr. Tesla board member says"
11/3/2021,Kelly Evans: The rise of Tesla
11/8/2021,Should Elon Musk sell 10% of his Tesla stock? Twitter users vote ‘yes’
11/9/2021,"PepsiCo CEO Ramon Laguarta on Tesla EV deliveries, carbon credit market"
11/9/2021,"Canaccord, Jefferies up Tesla price target"
11/9/2021,Jefferies raises Tesla price target to Street high
11/10/2021,"Watch the full CNBC interview with New Street Research’s Pierre Ferragu, who says Tesla’s in ..."
3/12/2022,"Single-stock ETFs on Amazon, Meta, Tesla and more are coming. Here’s what we know"
3/17/2022,"Here are Thursday’s biggest analyst calls of the day: Apple, Tesla, Chipotle, FedEx, Netflix & ..."
3/18/2022,China’s Xpeng hikes price of cars following Tesla and other EV makers as raw material ...
3/18/2022,"Here are Friday’s biggest analyst calls of the day: Amazon, Netflix, Microsoft, Tesla & more"
3/19/2022,"Stocks making the biggest moves midday: GameStop, Tesla, FedEx and more"
3/21/2022,"Here are Monday’s biggest analyst calls of the day: Apple, Tesla, Nio, Nvidia, General Motors ..."
3/22/2022,"Here are Tuesday’s biggest analyst calls of the day: Apple, Tesla, Deere, Zoom, Boeing, Nike ..."
3/22/2022,"Tesla’s stock is about to have a big run, says Jim Cramer"
3/23/2022,"Tesla’s new factory in Germany will reduce reliance on China, says Canaccord’s analyst Dorsheimer"
3/23/2022,Elon Musk dances at the opening of Tesla’s new factory in Germany
3/25/2022,"Here are Friday’s biggest analyst calls of the day: Disney, Apple, Tesla, Amazon, Joby & ..."
3/29/2022,"Stocks making the biggest moves midday: Tesla, Coinbase, AMC Entertainment, Beyond Meat and more"
3/29/2022,"Tesla’s stock split shows confidence in the company, says DataTrek Research’s Nicholas Colas"
3/29/2022,"Here are Tuesday’s biggest analyst calls of the day: Tesla, McDonald’s, Walmart, Petco & more"
3/30/2022,"Here are Wednesday’s biggest analyst calls of the day: Tesla, Netflix, Apple, McDonald’s & more"
4/1/2022,"Tesla, Simon Property and more: CNBC’s ‘Halftime Report’ traders answer your questions"
9/8/2022,"Final Trades: Abbvie, Tesla, Alaska Air & more"
11/9/2021,Tesla sinks after Twitter voters vote for Musk to sell shares
11/10/2021,Tesla shares sink for the third straight day
10/20/2021,"Get ready for revved up Tesla profits, Morgan Stanley’s Adam Jonas predicts"
10/21/2021,Gene Munster breaks down Tesla earnings
10/26/2021,Tesla soars on Hertz deal
10/26/2021,Here’s what’s next for Tesla
3/7/2024,Elon Musk’s pick for district attorney of Texas’ Travis County lost on Tuesday
7/24/2020,"Tesla sues Rivian for allegedly stealing secrets, poaching employees"
8/26/2020,"Jefferies raises Tesla price target to Wall Street high of $2,500, says auto revolution still ..."
9/8/2020,Tesla rebounds 7% after suffering its worst single-day loss in history
9/16/2020,Tesla gets two price target hikes ahead of Tuesday’s Battery Day
9/20/2020,Musk cautions innovations at Tesla ‘battery day’ won’t be widespread until 2022
9/22/2020,Here’s the email Elon Musk sent Tesla employees with 10 days left in Q3
9/23/2020,"Deutsche Bank upgrades Tesla after ‘Battery Day,’ says investors should ‘take advantage’ of pullback"
9/24/2020,Tesla sues U.S. government to overturn Trump administration tariffs on China
9/29/2020,"Elon Musk: Tesla may be overvalued today, but I think it’ll be worth more in ..."
10/3/2020,Where Elon Musk and Tesla earn real credit ‘eating the lunch’ of auto competitors
10/15/2020,Elon Musk cuts Tesla Model S price twice in one week
10/22/2020,Tesla shares jump 5% after reporting fifth consecutive quarter of profits
10/24/2020,Two traditional auto stocks are outpacing high-momentum Tesla shares this month
10/24/2020,"Tesla recalls nearly 50,000 Model S and X cars in China over faulty suspension"
11/7/2020,Toyota president: Tesla has ‘not created a real business in the real world yet’
11/17/2020,Tesla stock jumps on carmaker’s addition to the S&P 500
11/18/2020,"Fighting Tesla’s rally is ‘like fighting the Fed,’ trader says after S&P 500 inclusion"
11/19/2020,Consumer Reports is no longer recommending Tesla’s Model S and is panning the reliability of ...
11/20/2020,"Tesla stock to rally another 20% as investors bet on Musk, trader says"
11/23/2020,Chinese EV rivals line up to challenge Tesla on their home turf
11/24/2020,Tesla hits $500 billion market cap for the first time
11/25/2020,Elon Musk hints at Tesla hatchback model for Europe
12/1/2020,S&P’s decision to add Tesla in one shot demonstrates the power of passive investing
12/2/2020,Musk to Tesla employees: ’Our stock will immediately get crushed like a souffle under a ...
12/3/2020,"Goldman Sachs upgrades Tesla, says the stock has massive upside of over 30%"
12/9/2020,"Cramer: Optimistic young investors see Elon Musk as next Steve Jobs, take Tesla to dizzying ..."
12/9/2020,Tesla progress on German factory slowed by sleeping snakes
12/15/2020,Here’s how much 5% invested in Tesla could have made for S&P 500 index fund ...
12/18/2020,"Elon Musk should apologize for mocking gender pronouns, says group that gave Tesla top LGBTQ-friendly ..."
12/19/2020,Cramer’s week ahead: More upside after Tesla’s S&P 500 welcome
12/23/2020,"Elon Musk says he once considered selling Tesla to Apple, Tim Cook didn’t want to ..."
1/8/2021,Chamath Palihapitiya says there’s a big disruption coming that will cause Tesla to double again
1/8/2021,"Tesla closes day as fifth most valuable U.S. company, passing Facebook"
1/9/2021,Bill Miller says passing on Tesla was one of his big investing mistakes
1/12/2021,"Nio is attracting young investors in search of the next Tesla, says Cramer"
3/16/2021,"Cramer says Ford, General Motors are picking up momentum as Tesla shares slip"
3/16/2021,"Top fund manager: Forget Tesla, these automakers are set to ‘win the game’"
3/20/2021,"Musk says Tesla would be shut down if its cars spied in China, elsewhere"
4/5/2021,"Record deliveries a ‘paradigm changer’ for Tesla, stock to jump 50%, Wedbush says"
4/6/2021,Tesla appeals order to delete Elon Musk’s tweet about unions
4/26/2021,Tesla reports earnings this afternoon. Traders share whether it’s a buy here
4/27/2021,"Tesla posts record net income of $438 million, revenue surges by 74%"
4/28/2021,Tesla is now sitting on $2.5 billion of bitcoin
5/3/2021,Tesla bear on Elon Musk’s unique compensation plan
5/13/2021,"Chinese EV buyers want luxury — and they’re looking somewhere besides Tesla, says fund manager"
5/13/2021,"Elon Musk’s bitcoin backtrack could make Tesla shares even more volatile, Wedbush says"
5/14/2021,"Bitcoin slides after Elon Musk tweets climate concerns, suspends Tesla payment acceptance: CNBC After Hours"
5/16/2021,Why Elon Musk was wrong to get Tesla into bitcoin in the first place
5/18/2021,"When shorting a theme, it gets dangerous: Munster on big Tesla short"
5/21/2021,From anti-Tesla design to huge frunk: 5 things to know about the electric Ford F-150 ...
5/29/2021,"Inside Tesla’s Megapack system, which stores energy for utilities"
6/11/2021,Tesla analyst on his key takeaways from the Model S Plaid debut
6/14/2021,Musk says Tesla will accept bitcoin again as crypto miners use more clean energy
6/19/2021,Ex-Tesla president sold stocks worth $247 million since June 10
8/18/2021,Trading Nation: Tesla hits the skids
8/18/2021,Cramer’s lightning round: I would buy some Tesla now
8/18/2021,"Tesla autopilot probe ‘makes complete sense’, says New Street’s Ferragu"
8/18/2021,What it would take for other automakers to compete with Tesla
8/19/2021,Tesla advances faster than other car companies: Loup’s Munster
8/20/2021,"Tesla hosts ‘AI Day,’ in spite of Musk’s previous warnings about Artificial Intelligence"
8/20/2021,"Right now, investors have a glass-half-empty view of Tesla, says Wedbush’s Ives"
8/20/2021,"Tesla has a edge in the global EVs space — its China factory, strategist says"
8/20/2021,Only viable robotic product so far is the Roomba: Analyst on Tesla bot
8/20/2021,"Tesla appears far ahead of competitors in autonomous tech, says Loup’s Munster"
8/20/2021,"Tesla Bot expected to be ready next year for limited tasks, company says"
8/21/2021,"Watch CNBC’s full interview with Tesla bear and Bernstein analyst, Toni Sacconaghi"
8/23/2021,"Here are Monday’s biggest analyst calls of the day: Amazon, Tesla, Robinhood, Exxon, Peloton & ..."
8/25/2021,"Tesla, Moderna are among hedge funds’ favorite stocks to short as the investment strategy rebounds"
9/3/2021,"Airbnb, ServiceNow, Tesla — Halftime traders on their picks as S&P 500 nears record highs"
9/5/2021,Victim of Tesla crash in Texas had an alcohol level exceeding the legal limit
9/14/2021,"Ark Invest’s Cathie Wood on Tesla, markets and crypto"
9/15/2021,"EV start-up Rivian beats Tesla, GM, Ford as first automaker to produce electric pickup"
9/17/2021,Tesla CEO Elon Musk praises Chinese car companies in speech at green vehicle conference
9/18/2021,Morgan Stanley auto analyst presents his bull and bear case on Tesla
9/24/2021,"China’s ‘common prosperity’ push could put Tesla and these other U.S. stocks at risk, BofA ..."
9/28/2021,"Tesla, Apple suspend production after China imposes strict energy consumption rules"
9/29/2021,"Here are Wednesday’s biggest analyst calls of the day: Tesla, Robinhood, Amazon, Ford, Apple & ..."
10/1/2021,Degas Wright on why he’s still invested in Tesla
1/24/2022,"Here are Monday’s biggest analyst calls of the day: Tesla, Amazon, Microsoft, Charter, Apple & ..."
1/25/2022,Short sellers are up $114 billion this year with winning bets against Tesla and Netflix
1/26/2022,Jefferies’ Philippe Houchois on what he is expecting from Tesla’s Q4 earnings
1/27/2022,"We’ll be looking at Tesla’s self-driving capabilities, says Oppenheimer analyst"
1/28/2022,"Stocks making the biggest moves midday: Tesla, Netflix, Intel and more"
1/28/2022,"Best trades on CNBC Thursday: Tesla, Boeing, and Apple earnings’ impact on stocks, pros pick ..."
1/29/2022,"Tesla’s still ‘king of the hill’ in EVs, says Westly Group founder"
1/29/2022,"Best trades on CNBC Friday: Pros bet big on Tesla, Apple and Visa as they ..."
2/1/2022,"Stocks making the biggest moves midday: Tesla, Spotify, Netflix, Beyond Meat and more"
2/1/2022,"Tesla’s gross margins and profitability are ahead of everyone, says Mizuho analyst"
2/9/2022,"Tesla’s Model Y gains ground in California, second-best selling car in state"
2/18/2022,Investing Club: What we’re watching Thursday afternoon — including Ford’s Mach-E top EV over Tesla
2/20/2022,Lessons for investors trying to cut their tax bill from Elon Musk’s $5.7 billion Tesla ...
2/21/2022,Tesla’s Autopilot feature is reportedly being investigated by German regulators
2/25/2022,"Here are Friday’s biggest analyst calls of the day: Tesla, Dollar General, Dish Network and ..."
8/11/2022,Jim Cramer gives his thoughts on Elon Musk’s nearly $7 billion Tesla stock sale ahead ...
8/12/2022,"Devon Energy, Tesla, and more: CNBC’s ‘Halftime Report’ traders answer your questions"
8/12/2022,"Tesla still the clear winner in EVs, says Loup Ventures’ Gene Munster"
8/23/2022,"Here are Tuesday’s biggest analyst calls: Apple, Zoom, McDonald’s, AMC, Walmart, Uber, Tesla & more"
3/23/2024,What investors should know about the U.S. easing vehicle emissions rules
4/4/2020,"Tesla is dismissing contractors from its California and Nevada factories, sources say"
4/29/2020,Here’s how Tesla and SpaceX worked with and paid each other in the past year
5/14/2020,"California AG says local officials are dealing with Tesla’s reopening, but he’s ‘ready to enforce’ ..."
5/28/2020,Tesla price cuts show realism in face of coronavirus slowdown
5/29/2020,"Elon Musk earns first performance-based payout from Tesla, worth more than $700 million"
5/29/2020,"Tesla sent 20 staffers to SpaceX, Elon Musk’s other company, filing shows"
6/9/2020,Tesla shares hit record closing price
6/16/2020,"Tesla cuts price of Model S Long Range Plus, says EPA-rated range improved to 402 ..."
6/20/2020,Tesla tells employees merit awards are on hold after Covid-19
6/25/2020,"Tesla lags auto industry in quality, finds new J.D. Power study"
6/26/2020,"Tesla’s industry lead is growing as legacy automakers ‘flail’ on driverless cars, Ark Invest analyst ..."
6/29/2020,Elon Musk beat the short sellers and Tesla gained new types of investors along the ...
6/30/2020,Elon Musk emails Tesla employees: ‘Breaking even is looking super tight’
7/2/2020,Tesla shares soar after reporting big beat on second-quarter deliveries
7/3/2020,"Tesla ended reduced salaries this week, says internal email"
7/8/2020,"Tesla is a ‘stock you cannot fundamentally value,’ trader says. Here’s his strategy for its ..."
7/10/2020,NYU’s ‘Dean of Valuation’ on Tesla’s massive run: The virus ‘handicapped’ its competition
7/14/2020,Tesla cuts Model Y price and cancels standard range version
7/15/2020,"Texas county approves tax breaks for Tesla, if it builds a $1.1 billion car plant ..."
7/15/2020,"Tesla stock needs to drop by $1,000 to be a buy, trader says"
7/17/2020,Credit Suisse doubles Tesla stock price forecast but is still neutral
7/23/2020,Tesla reports fourth straight quarter of profits
7/23/2020,"Tesla will build its next Gigafactory near Austin, Texas"
7/23/2020,"Tesla could see shares reverse in fourth quarter, says major bear who has a $300 ..."
7/23/2020,Chamath Palihapitiya: Tesla’s push toward renewable energy could make it worth trillions
7/23/2020,"Tesla’s stock price and market valuation are ‘insane,’ says AutoNation CEO Mike Jackson"
7/23/2020,Cramer says Tesla CEO Elon Musk is a ‘big thinker’ who makes us look like ...
7/23/2020,Tesla’s sale of environmental credits help drive to profitability
7/24/2020,Tesla shares slide 6% as traders take profits from 2020′s high-flying stocks
8/12/2020,Tesla announces five-for-one stock split
8/14/2020,"Morgan Stanley upgrades Tesla, hikes price target on ‘integrated battery supply business’ prospects"
8/15/2020,Lucid Motors has ambitious plans to defy skeptics and take on Tesla
8/21/2020,Oppenheimer’s Tesla analyst advises investors to ‘ride the momentum’ but protect themselves
8/25/2020,Cramer calls Tesla the ‘greatest momentum story ever told’ but warns against getting greedy
8/31/2020,"Tesla jumps 12% as stock split takes effect, Apple gains 3%"
9/1/2020,"Apple, Tesla stock splits take effect. What five market analysts are watching"
9/3/2020,"Tesla drops again, bringing three-day loss to more than 18%"
9/22/2020,Tesla shares fall as Musk dampens Battery Day expectations
9/24/2020,"Cramer sees ‘huge positives’ on Tesla’s Battery Day, tells investors to be patient on stock"
10/7/2020,Tesla’s quarterly report could land Musk another $3 billion
10/14/2020,"Tesla will become a $2 trillion company, says billionaire Tesla shareholder Ron Baron"
10/23/2020,Tesla’s release of new ‘self-driving’ software closely watched by U.S. regulator
1/15/2021,"Tesla losing ground in Europe should trouble investors, strategist says"
1/18/2021,"In challenge to Tesla, Chinese electric carmaker Xpeng releases autonomous features for highway driving"
1/28/2021,Tesla shows off updated design for Model S
2/6/2021,Tesla founders Martin Eberhard and Marc Tarpenning talk about the early days and bringing on ...
2/6/2021,Founders Martin Eberhard and Marc Tarpenning tell the story of the early days at Tesla ...
2/8/2021,El-Erian sees Tesla’s bitcoin move as a game changer for investors
2/11/2021,Elon Musk’s brother Kimbal sells $25 million worth of Tesla shares
2/19/2021,"JD Power says Lexus is most dependable auto brand, ranks Tesla 30th out of 33"
2/23/2021,Tesla suffers its biggest fall since September 2020
2/26/2021,Fisker CEO says the EV startup is trying to do more than just take customers ...
3/6/2021,"Time to add to Tesla shares in latest Nasdaq sell-off, trader says"
3/6/2021,Tesla closes below $600 for the first time since December — here’s what’s weighing the ...
3/8/2021,"Buffett cut Apple, Baron trimmed Tesla: Billionaire market lessons on tech and growth stock selling"
3/11/2021,Tesla’s China-made Model Y takes off despite holiday car sales slump
3/12/2021,"Fire broke out at Tesla factory in Fremont, California"
3/15/2021,Hundreds of Tesla workers test positive for Covid
3/15/2021,Elon Musk has officially been made the ‘Technoking of Tesla’
3/19/2021,Why Tesla faces an uphill battle in India
3/25/2021,"‘You can now buy a Tesla with bitcoin,’ CEO Elon Musk said. But it could ..."
3/30/2021,U.S. safety agency says it will gather information on Tesla crash with truck in New ...
4/5/2021,"Tim Cook drops some hints on Apple’s car plans, shares what he thinks of Elon ..."
4/6/2021,Goldman Sachs picks Tesla and 5 other stocks to play the electric vehicle boom
4/14/2021,Tesla executive says data collected from its cars in China is stored in China
4/16/2021,"Tesla, ex-engineer settle lawsuit over Autopilot source code"
4/20/2021,Tesla CEO Elon Musk says Autopilot was not enabled in fatal Texas crash
7/2/2021,Here’s what analysts are expecting from Tesla’s Q2 delivery numbers
7/2/2021,"Tesla delivers 201,250 vehicles in second quarter"
7/3/2021,"Tesla deliveries, and company investigates fire in new ‘Model S Plaid’"
7/3/2021,Tesla Model S Plaid reportedly catches fire in Pennsylvania
7/6/2021,Bitcoin drop hangs on Tesla balance sheet
7/8/2021,Tesla shares lower since reporting Q2 deliveries
7/8/2021,Tesla will face increased scrutiny in Chinese market: Morgan Stanley analyst
7/22/2021,Tesla to open charging stations to other EVs
7/24/2021,Trading Nation: Tesla set to report earnings on Monday — Here’s what to watch
7/26/2021,Tesla and more: Goldman Sachs names 10 electric vehicle stocks to buy right now
7/26/2021,"Johnson: There’s a potential miss in the offing when Tesla reports Q2 results, due to ..."
7/27/2021,"Tesla needs to make the most of European market, says analyst"
7/27/2021,Former Tesla board member on three things to watch in the EV space
7/27/2021,"Tesla beats by a wide margin, on track for Model Y in 2021"
7/27/2021,Lesko: Creating a more stable earnings environment at Tesla may not be a bad way ...
7/27/2021,"Why this investor is underweight FANG, Tesla stocks"
7/27/2021,"If Tesla can get to the tangential businesses, market cap could remain ‘very significant’: Analyst"
7/27/2021,"The upside for Tesla in the second half of 2021 could be substantial, says investor"
7/28/2021,How Tesla shrugged off a $23 million bitcoin loss last quarter: CNBC After Hours
7/28/2021,Here’s how Tesla boosted profits with production changes
7/29/2021,"Here are Thursday’s biggest analyst calls of the day: McDonald’s, Facebook, Tesla, Robinhood & more"
8/4/2021,Tesla dominates EV charging infrastructure across America: CNBC After Hours
8/5/2021,"Here are Thursday’s biggest analyst calls of the day: Apple, Tesla, Robinhood, Walmart, AMC & ..."
8/9/2021,Tesla reportedly mandates masks at its Nevada battery factory
8/9/2021,"Tesla faces stiff competition in China, says Bernstein’s Toni Sacconaghi"
8/10/2021,"Stocks making the biggest moves midday: Tesla, Coinbase, Tyson Foods and more"
8/12/2021,Watch CNBC’s full interview with short-seller Carson Block on his Tesla shorts
8/16/2021,U.S. opens safety probe into Tesla autopilot crashes
8/17/2021,Tesla shares fall as U.S. opens probe into Tesla’s autopilot system
8/17/2021,Tesla shares down 5 percent following investigation announcement
8/17/2021,Tesla autopilot investigation will set precedent: Former Ford CEO
4/13/2024,Tesla slashes price of its premium driver assistance option by half in U.S.
4/12/2024,Robotaxi regulators say Tesla hasn’t contacted them about plans teased by Musk
4/11/2024,"Cramer compares Warren Buffett and Elon Musk, says Wall Street has turned on Tesla CEO"
4/10/2024,Tesla’s Musk to meet Modi in India and announce investment plans: Reuters
4/10/2024,"Wednesday’s analyst calls: More Nvidia gains ahead, Tesla ‘self-inflicted’ wounds"
4/9/2024,Tesla settles lawsuit over Autopilot crash that killed Apple engineer
4/12/2024,"Here are Friday’s biggest analyst calls: Apple, Amazon, Tesla, Microsoft, Boeing, First Solar & more"
4/11/2024,"FullCycle founder Ibrahim Alhusseini on Tesla’s delivery decline, BMW’s EV sales and EV outlook"
4/9/2024,"Here are Tuesday’s biggest analyst calls: Nvidia, Apple, Tesla, Netflix, Cisco, Alphabet, American Eagle & ..."
4/7/2024,Tesla shares have tanked 34% this year. Investors raise doubts over whether the EV maker ...
4/8/2024,"Robotaxi market could be substantial as Tesla nears entry, says Daiwa Capital’s Nathan"
4/7/2024,A Chinese smartphone maker is breaking into EVs and challenging Tesla. How the stock rates ...
4/6/2024,Elon Musk says Tesla will unveil its robotaxi on Aug. 8; shares pop
4/5/2024,Tesla scraps low-cost car plans amid fierce Chinese EV competition: Reuters
4/10/2024,"Here are Wednesday’s biggest analyst calls: Nvidia, Tesla, Exxon, Coinbase, Cava, Alphabet, Amazon, Block & ..."
4/8/2024,"Jim Cramer’s quick takes on JPMorgan, Tesla, TSMC, Take-Two and Fastly"
4/10/2024,Investors should take money out of Tesla and Apple: Michael Landsberg
4/4/2024,"Morgan Stanley’s Adam Jonas says Tesla $100 bear case may be ‘in play’ now, but ..."
4/3/2024,"JPMorgan slashes Tesla price target, says sales miss threatens ‘rarified valuation’"
4/4/2024,Tesla short-seller names 2 auto stocks to own — giving them 100% upside
4/3/2024,"Noted Tesla bear says Musk’s EV maker could ‘go bust,’ says stock is worth $14"
4/6/2024,Elon Musk says Tesla will unveil robotaxi on August 8
4/8/2024,"Monday’s rapid fire: JPMorgan, Tesla, TSMC, Take-Two, Fastly"
4/9/2024,"Stocks making the biggest moves midday: GE Vernova, SoFi Technologies, Tesla and more"
4/2/2024,Tesla shares fall after deliveries drop 8.5% from a year ago
4/4/2024,"Tesla to explore locations in India for $3 billion EV factory, FT reports"
4/8/2024,"Here are Monday’s biggest analyst calls: Nvidia, Tesla, Amazon, Take-Two, BJ’s, Dell, Disney, Broadcom, Apple ..."
4/8/2024,"Stocks making the biggest moves premarket: Tesla, Take-Two Interactive, BJ’s Wholesale, Boeing and more"
4/3/2024,BYD hands back top EV seller title to Tesla after Q1 sales decline
4/1/2024,Would-be Tesla buyers snub company as Musk’s reputation dips
4/2/2024,"Tesla first-quarter deliveries were a ‘disaster’ and may mark turning point, Wedbush’s Dan Ives says"
4/4/2024,"China’s BYD to launch first electric pickup truck this year in latest challenge to Tesla, ..."
4/6/2024,"Stocks making the biggest moves midday: Altice, Tesla, Krispy Kreme, Cinemark and more"
4/4/2024,Why Guggenheim Securities cut its Tesla price target to $122
4/3/2024,"Cathie Wood buys more Tesla, says now ’is not the time to run for the ..."
4/3/2024,ARK Invest CEO Cathie Wood: Tesla ‘epitomizes the convergence among technologies’ that we see today
4/3/2024,Portfolio manager says Tesla could go bust
4/3/2024,"Stocks making the biggest moves premarket: Intel, Tesla, Dave & Buster’s, Paramount and more"
4/3/2024,Deepwater’s Gene Munster shares his bull case for Tesla
4/3/2024,"Three-Stock Lunch: Humana, D.R. Horton & Tesla"
4/2/2024,"Tesla may have hit a near-term bottom, says EMJ Capital’s Eric Jackson"
4/3/2024,Tesla falls on Q1 deliveries miss
4/2/2024,"Jim Cramer shares his thoughts on GE Aerospace, GE Vernova, UnitedHealth, Tesla, PVH and Paychex"
4/2/2024,Tesla: Here’s why Wedbush analyst Dan Ives has an outperform rating on the stock
4/2/2024,"Tuesday’s rapid fire: GE Aerospace, GE Vernova, UnitedHealth, Humana, Tesla, PVH and Paychex"
4/2/2024,The key for Tesla is how well it can embrace the AI potential of the ...
4/2/2024,Schneider: What we need to look for with Tesla is what will make the stock ...
4/6/2024,Tesla shares pop on Musk announcement that robotaxis will be unveiled on August 8
4/3/2024,"Here are Wednesday’s biggest analyst calls: Tesla, Amazon, Alphabet, Meta, UPS, Tyson, Disney, SoFi & ..."
4/6/2024,"Robotics race ramps up among tech giants such as Apple, Google, Amazon and Tesla"
4/5/2024,"Here are Friday’s biggest analyst calls: Apple, Tesla, Netflix, Marvell, Ollie’s, Snowflake, Eli Lilly, Krispy ..."
3/29/2024,Tesla’s awful quarter has Wall Street on edge ahead of delivery numbers
4/3/2024,Rivian deliveries beat expectations; Tesla dampens industry hopes
4/3/2024,"Stocks making the biggest moves midday: Tesla, GE Vernova, UnitedHealth Group and more"
4/4/2024,"Here are Thursday’s biggest analyst calls: Nvidia, Tesla, Super Micro, Meta, Wynn, Reddit, Coinbase, GM ..."
3/28/2024,Xiaomi releases electric car $4K cheaper than Tesla’s Model 3 as price wars heat up
3/26/2024,Elon Musk requires ‘FSD’ demo for every prospective Tesla buyer in North America
3/28/2024,Investor Brad Gerstner bought notable first-quarter underperformers Tesla and Alphabet on the dip
4/3/2024,"Tesla is feeling what Ford and GM have already been going through, says Jim Cramer"
3/28/2024,Two analysts debate the bull and bear cases for Tesla
3/28/2024,"Three-Stock Lunch: Tesla, Merck, and RH"
3/28/2024,"Tesla will be a leader when the inevitable shift to EVs happen, says Canaccord’s George ..."
3/27/2024,"Wednesday’s analyst calls: Wells Fargo downgrade, Tesla gets a price target cut"
4/1/2024,"Here are Monday’s biggest analyst calls: Nvidia, Tesla, Delta, Skechers, Apple, Disney, Micron, Citi, Amazon ..."
3/25/2024,"China’s Xiaomi will price its Tesla EV rival under $69,400, CEO says ahead of Thursday ..."
3/22/2024,"Elizabeth Warren calls on SEC to investigate Tesla, Elon Musk over governance issues once again"
3/27/2024,"Here are Wednesday’s biggest analyst calls: Apple, Nvidia, Tesla, Spotify, Marvell, Netflix, Disney, DraftKings & ..."
3/21/2024,Elon Musk companies are gobbling up Nvidia hardware even as Tesla aims to build rival ...
3/25/2024,"Jim Cramer shares his thoughts on Boeing, Intel, AMD, Masimo, Tesla, Rivian and Cleveland-Cliffs"
3/23/2024,Sen. Elizabeth Warren calls on SEC to investigate Tesla
3/22/2024,"Friday’s rapid fire: Lululemon, Nike, FedEx, Tesla and Boeing"
3/16/2024,How Tesla became the top-selling car company in Norway
3/20/2024,"China-based Canadian stole Tesla secrets, U.S. prosecutors say"
3/19/2024,"Tesla shares gain after Model Y price hike in U.S., Europe"
3/16/2024,Tesla settles with Black worker who won two trials over racist discrimination
3/16/2024,Tesla to pay $42 million for employee crash that injured motorcyclist
3/22/2024,"Jim Cramer shares his thoughts on Lululemon, Nike, FedEx, Tesla and Boeing"
3/16/2024,How Tesla became so popular in Norway
3/13/2024,"GM hires ex-Tesla, Google exec to replace retiring head of manufacturing"
3/26/2024,"Here are Tuesday’s biggest analyst calls: Amazon, Nvidia, Reddit, Tesla, Apple, Seagate, Micron, Spotify, Gap ..."
3/16/2024,Tesla is one of the most oversold stocks on the Street and could be due ...
3/25/2024,"Monday’s rapid fire: Boeing, Intel, AMD, Masimo, Tesla, Rivian and Cleveland-Cliffs"
3/17/2024,"Tesla to raise U.S. prices for Model Y vehicles by $1,000 on April 1"
3/13/2024,Musk visits German Tesla Gigafactory after suspected arson attack
3/16/2024,Here’s why Tesla has to make its cars ‘more affordable’
3/8/2024,"This EV stock is the best alternative to Tesla and surviving the market shakeout, analysts ..."
3/18/2024,"Jim Cramer shares his thoughts on 5 stocks including Tesla, Hertz and Super Micro"
3/6/2024,Tesla bull Jonas cuts price target and says EV maker could lose money in coming ...
3/14/2024,Tesla: Here’s why Wells Fargo downgraded the stock
3/22/2024,"Here are Friday’s biggest analyst calls: Apple, Nvidia, Alphabet, Tesla, Amazon, Coinbase, Best Buy, Nike ..."
3/21/2024,"Here are Thursday’s biggest analyst calls: Micron, Nvidia, Broadcom, Apple, Boeing, Microsoft, Tesla & more"
3/5/2024,Tesla shares slip 4.5% after suspected arson attack halts production at Berlin Gigafactory
3/2/2024,Lawyers seek nearly $6 billion in Tesla stock after getting Musk pay package struck down
3/20/2024,U.S. government accuses two men of stealing Tesla trade secrets
3/14/2024,"Tesla’s next vehicle will be the growth catalyst for the company, says RBC’s Tom Narayan"
3/9/2024,"The future of EVs in the collectible cars market, from the Tesla Roadster to BMWs ..."
3/1/2024,Tesla stands to earn billions of dollars a year by opening U.S. charging stations to ...
2/29/2024,Ford rolls out Tesla Supercharging for EVs. Here’s what drivers need to know
3/12/2024,"Here are Tuesday’s biggest analyst calls: Apple, Tesla, Coinbase, Sony, Oracle, FedEx, Nike, Carvana & ..."
3/8/2024,Novo Nordisk market cap surpasses Tesla on new obesity pill trial data
3/18/2024,"Here are Monday’s biggest analyst calls: Nvidia, Apple, Tesla, Netflix, PepsiCo, Micron, Meta, Starbucks and ..."
3/11/2024,"Here are Monday’s biggest analyst calls: Nvidia, Tesla, Netflix, Adobe, Amazon, Eli Lilly, Procter & ..."
3/6/2024,Tesla CEO Elon Musk says he’s not donating money to Trump or Biden
3/6/2024,"WSJ’s Tim Higgins: People want a Tesla, they don’t necessarily want an EV"
3/6/2024,"Three-Stock Lunch: Tesla, Albemarle & Barrick Gold"
3/6/2024,"Expect more near-term downward pressure on Tesla stock, says Wells Fargo’s Colin Langan"
3/6/2024,"Tuesday rapid fire: Target, AMD, Gitlab, Tesla and AeroVironment"
3/5/2024,"Skip EV stocks like Tesla, says fund manager, naming a ‘phenomenal’ alternative"
3/15/2024,"Here are Friday’s biggest analyst calls: Nvidia, Tesla, Apple, Rivian, Micron, Microsoft, Eli Lilly, Amazon ..."
3/1/2024,"Tesla must face race bias class action by 6,000 Black U.S. workers"
3/15/2024,‘No reason’ Nvidia can’t rally the same way Tesla did post-Covid: Portfolio manager
3/7/2024,"Here are Thursday’s biggest analyst calls: Nvidia, Tesla, Apple, Micron, Rivian, Amazon, Deere, UnitedHealth & ..."
3/2/2024,Tesla rolls out new incentives in China as price war escalates
3/2/2024,Nancy Tengler talks what Elon Musk’s lawsuit against OpenAI means for Tesla
3/13/2024,"Stocks making the biggest moves premarket: Dollar Tree, Petco, Tesla and more"
3/6/2024,"Wednesday’s analyst calls: Tesla price cut, big retailer gets an upgrade after strong earnings"
2/22/2024,Tesla faces hurdle in Germany as locals vote to oppose factory expansion
3/13/2024,Fmr. Ford CEO Mark Fields weighs in on IIHS grading Tesla and Ford driver-assist tech ...
2/23/2024,San Jose bakery loses thousands of dollars after Tesla reportedly cancels large order
3/2/2024,Tesla CEO Elon Musk sues OpenAI and Sam Altman
2/13/2024,Tesla board silent as investors await next steps after court revokes Elon Musk’s $56 billion ...
2/16/2024,"Ford CEO tells Wall Street to forget Tesla, says ‘Pro’ business is the future of ..."
3/6/2024,"Here are Wednesday’s biggest analyst calls: Apple, Tesla, Nvidia, Super Micro, Honeywell, Target and more"
3/6/2024,"OpenAI shares Elon Musk emails urging startup to raise $1 billion, see Tesla as a ..."
2/8/2024,"Cathie Wood is standing by Tesla amid sharp sell-off, betting on robotaxi cycle in 2 ..."
3/6/2024,"Stocks making the biggest moves midday: Apple, Target, Tesla, Advanced Micro Devices and more"
3/6/2024,"Jeff Bezos becomes the world’s richest man again, passing over Tesla CEO Elon Musk"
3/5/2024,"Here are Tuesday’s biggest analyst calls: Nvidia, Tesla, Apple, Microsoft, Oracle, Arm, Rivian, Lyft & ..."
3/5/2024,"Stocks making the biggest premarket moves: Target, Apple, Tesla, Microstrategy and more"
3/5/2024,"Investors revaluing Tesla as a hardware company instead of a software company, says Ross Gerber"
2/3/2024,U.S. auto safety agency upgrades probe into Tesla power steering loss
2/2/2024,Tesla recalling nearly 2.2M vehicles for software update to fix warning lights that are too ...
3/4/2024,"Startup backed by Tesla investor says preorders for its $300,000 futuristic flying car have reached ..."
2/1/2024,Tesla sued by 25 California counties over hazardous waste handling
2/1/2024,Elon Musk says Tesla will hold a shareholder vote to incorporate in Texas after Delaware ...
2/16/2024,KKM Financial’s Jeff Kilburg: Time to own more Tesla
2/2/2024,Tesla to settle lawsuit over mishandling hazardous waste in California
2/1/2024,Tesla upgrades Model Y in China as BYD competition heats up
1/30/2024,"Race for China’s EV market could last 3 years, BYD says, claiming it wants to ..."
2/7/2024,Three stocks that could replace Tesla in the ‘Magnificent 7’
2/29/2024,"Here are Thursday’s biggest analyst calls: Tesla, Apple, Microsoft, Delta, Disney, Snowflake, Okta, Salesforce & ..."
1/31/2024,"Elon Musk’s $56 billion Tesla compensation voided by judge, shares slide"
1/25/2024,"Analyst Dan Ives blasts Tesla, calls earnings call a ‘train wreck’ and cuts price target"
1/26/2024,"Tesla recalls nearly 200,000 vehicles in the U.S. over rearview camera bug"
1/26/2024,Ark Invest’s Cathie Wood adds more than $32 million worth of Tesla shares amid 12% ...
2/9/2024,Trade Tracker: Bill Baruch buys Tesla and Josh Brown sells Empire State Realty
1/25/2024,Tesla shares close down 12% after automaker warns of slowdown
1/25/2024,Here’s what analysts are expecting from Tesla earnings
2/26/2024,"Tesla rival BYD launches electric supercar that could take on Ferrari — for $233,000"
3/15/2024,"Expect to see Tesla’s multiple continue to fall, says Light Street’s Glen Kacher"
2/3/2024,Tesla is one of the most oversold stocks in the S&P 500 and could be ...
1/23/2024,Cramer taps Eli Lilly as a new member of the ‘Magnificent Seven’ if Tesla earnings ...
1/26/2024,"JPMorgan sees Tesla dropping another 30%, says falling profits don’t support high valuation"
1/24/2024,China’s EV players ramp up competition with Tesla using new tech
1/29/2024,Is Tesla still a buy? One CIO weighs in and names 3 alternatives he likes
2/6/2024,Tesla downgraded on concern Musk and board distractions could hurt innovation
1/24/2024,"Tesla plans to build new electric vehicles in mid-2025, Reuters reports"
1/24/2024,Tesla gets a sell rating ahead of earnings on concern about EV oversupply
2/5/2024,"Here are Monday’s biggest analyst calls: Nvidia, Apple, Mattel, Amazon, Tesla, Charter, Cigna, Tapestry and ..."
1/31/2024,"Highlights of Tesla CEO Elon Musk’s court ruling: Mars, Frankenstein, a self-driving car pun"
1/17/2024,Tesla slashes car prices across Europe after similar cuts in China
1/16/2024,"Elon Musk wants more control of Tesla, seeks 25% voting power"
1/12/2024,"Tesla stock down on Red Sea delays, rising labor costs and price cuts"
1/26/2024,"After earnings miss, Cramer says Tesla’s out of the Magnificent Seven"
1/12/2024,Tesla raising factory worker pay in U.S. following UAW victories in Detroit
1/11/2024,Tesla versus BYD: Analysts prefer one of them — giving it up to over 70% ...
2/20/2024,"Here are Tuesday’s biggest analyst calls: Nvidia, Apple, Tesla, JetBlue, Disney, Caterpillar, Super Micro and ..."
1/30/2024,Tesla begins China Cybertruck tour in eight cities
1/12/2024,Tesla Berlin to stop most output for two weeks due to Red Sea disruption
2/6/2024,"Tulane Law professor Ann Lipton on Elon Musk’s pay package, legal impact of Tesla’s move ..."
1/7/2024,Tesla now has a clear China EV competitor. What’s next for BYD?
1/20/2024,"Cramer’s week ahead: Earnings from Procter & Gamble, Tesla, Lockheed Martin"
1/26/2024,"You have to have growth to be ‘magnificent’, Tesla doesn’t have it, says Jim Cramer"
1/27/2024,Why 2024 will be a tough year for Tesla
1/27/2024,Here’s why Wedbush’s Dan Ives slashed his 12-month stock price target for Tesla
1/27/2024,"Lido’s Gina Sanchez bails on Tesla, here’s why"
1/26/2024,"In one earnings call Tesla removed itself from the Mag 7, says Jim Cramer"
1/25/2024,Tesla stock loses charge after Q4 earnings results
1/26/2024,Tesla earnings: ’24 deliveries will be notably lower than ’23
1/26/2024,Tesla down big after earnings miss: Here’s what you need to know
1/26/2024,Tesla slumps on Q4 miss: What you need to know
1/25/2024,Here’s why Barclays’ Dan Levy lowered price target on Tesla
1/25/2024,RBC Capital’s Tom Narayan presents a bullish case for Tesla
1/25/2024,Tesla earnings out after the bell: Here’s what you need to know
1/25/2024,Deepwater’s Gene Munster says Tesla revenue growth outlook ‘most sobering I’ve seen’
1/25/2024,"BYD is ‘coming on quickly’, will likely pass Tesla as dominant global EV seller, says ..."
1/5/2024,"Tesla recalls more than 1.6 million cars in China over problems with Autopilot, locks"
1/2/2024,"Tesla reported 485,000 deliveries for the fourth quarter, bringing 2023 total to 1.8 million"
1/17/2024,"Elon Musk’s demand for more Tesla control could weigh on the stock, analysts say"
1/25/2024,Tesla earnings preview: Here’s what you need to know
1/24/2024,"How Jeff Kilburg is trading Netflix, Tesla, and IBM during earnings this week"
2/16/2024,"Here are Friday’s biggest analyst calls: Nvidia, Nike, Tesla, Coinbase, Arm, Meta, Eli Lilly, UPS, ..."
2/17/2024,Trade Tracker: Bill Baruch buys more Bank of America & Tesla and trims Cheniere Energy
2/1/2024,"Thursday’s analyst calls: Tesla sell rating conviction, Qualcomm gets a downgrade"
2/15/2024,"Here are Thursday’s biggest analyst calls: Apple, Nvidia, Snowflake, Coinbase, Skechers, Tesla, Berkshire Hathaway & ..."
12/28/2023,Two U.S. senators call for Tesla recalls after Reuters investigation
2/14/2024,Beyond Tesla: Morningstar strategist names 2 under-the-radar stocks to play the EV revolution
1/2/2024,BYD beats Tesla for a second straight year after producing more than 3 million cars ...
1/10/2024,Tesla launches restyled Model 3 in North America
12/19/2023,Tesla driver to pay $23K in restitution for a 2019 Los Angeles crash that killed ...
12/20/2023,An abused wife took on Tesla over tracking tech. She lost.
12/20/2023,"Tesla drivers had highest accident rate, BMW drivers highest DUI rate, study finds"
12/21/2023,White House backs industry effort to standardize Tesla’s EV charging plugs
12/21/2023,How Tesla rose to retail investor stardom: ‘It’s always in people’s minds’
12/23/2023,"Tesla recalls 120,000 vehicles over potentially faulty doors that could open in a crash"
1/25/2024,Watch CNBC’s full panel interview on Tesla’s Q4 earnings
1/25/2024,"Tesla’s next generation vehicle will take the company to the next level, says George Gianarikas"
1/25/2024,"Stocks making the biggest moves premarket: IBM, Tesla, Nokia, Humana and more"
1/25/2024,"The vague details on Tesla’s investor call are ‘concerning,’ says RBC analyst"
1/25/2024,"Elon Musk’s commentary on Tesla’s margins was a bit of a surprise, says Wells Fargo’s ..."
1/26/2024,"Stocks making the biggest moves midday: Tesla, American Airlines, Boeing, Humana and more"
1/26/2024,Asia markets fall as EV stocks extend sell-off after Tesla’s slowdown warning
1/26/2024,Watch Tesla’s stock price - $150 could be the bottom: Strategist
2/9/2024,"‘Musk is the heart of Tesla’, the board needs to act on a compensation package: ..."
2/9/2024,"Here are Friday’s biggest analyst calls: Apple, Alphabet, Tesla, Costco, Dick’s, United, Pinterest, Vivid Seats ..."
12/13/2023,Tesla tweaks autopilot software after regulators recall more than 2 million cars
12/21/2023,Ark Invest’s Cathie Wood piles back into Tesla shares again after recent sales
1/5/2024,"U.S. senators urge Tesla, other automakers to stay neutral in union organizing"
1/5/2024,"BYD’s five best-selling cars, including one edging out Tesla’s Model Y in China"
2/9/2024,"Final Trades: Uber, Columbia Banking, Tesla, and NOBL"
12/20/2023,Tesla blamed drivers for failures of parts it long knew were defective
12/20/2023,Tesla hiring Nordic policy expert as ‘WWE-like standoff’ with unions intensifies
2/6/2024,Musk’s future at Tesla under scrutiny
12/13/2023,Tesla recalls nearly all vehicles sold in U.S. to fix system that monitors drivers using ...
12/19/2023,Tesla to raise pay for hourly Nevada Gigafactory workers in January — move could stave ...
12/13/2023,Virginia sheriff’s office says Tesla was running on Autopilot moments before tractor-trailer crash
12/28/2023,"Tesla will likely be overtaken in terms of units, says Canaccord’s George Gianarikas"
12/28/2023,"China’s Xiaomi unveils its first EV as it looks to compete with Porsche, Tesla"
1/5/2024,Musk once laughed off BYD as a threat. Now the Chinese giant has taken Tesla’s ...
2/3/2024,"Morning Meeting rapid-fire: Clorox, Tesla, Bristol-Myers, Abbvie, Exxon and Chevron"
12/8/2023,"Musk’s Scandinavian woes deepen as Tesla loses Swedish court case, Finnish union joins port blockade"
12/9/2023,Bernstein tech analyst’s best idea for 2024 is to short Tesla
1/2/2024,"Demand is strengthening for Tesla despite weakening overall EV demand, says Wedbush’s Dan Ives"
2/1/2024,"Here are Thursday’s biggest analyst calls: Nvidia, Apple, Microsoft, Qualcomm, Target, AT&T, Tesla & more"
12/1/2023,Elon Musk hypes Tesla Cybertruck at deliveries event in Austin
12/6/2023,‘You can’t just make your own rules’: Tesla faces Scandi revolt as Danes join Swedish ...
1/12/2024,"Stocks making the biggest moves premarket: Tesla, Delta, Qualcomm, Bank of America and more"
1/30/2024,Tesla’s Model 2 could be a winner in China amid EV industry consolidation: Research firm
1/31/2024,"Here are Wednesday’s biggest analyst calls: Apple, Tesla, Alphabet, Microsoft, AMD, Meta, Spotify and more"
2/27/2024,"Here are Tuesday’s biggest analyst calls: Nvidia, Arm, Tesla, Rivian, Netflix, Micron, Roku, Seagate and ..."
11/27/2023,Tesla sues Swedish government after postal workers allegedly block license plate deliveries
11/28/2023,"This China EV maker should not be worth so much less than Tesla, Bernstein says"
12/20/2023,Tesla cut EV prices in China more than BYD did for its flagship Han sedan ...
12/28/2023,"Stocks making the biggest moves midday: Tesla, The New York Times, NetEase and more"
12/28/2023,"Tesla is ‘egregiously’ overvalued, going to see a ‘tough’ 2024, says Roth MKM’s Craig Irwin"
12/29/2023,2024 will be another year of growth and drama for Tesla: Former Ford CEO Mark ...
12/13/2023,Why it took Tesla so long to deliver the Cybertruck
12/13/2023,Why Tesla’s Cybertruck is so hard to mass produce
1/24/2024,"Here are Wednesday’s biggest analyst calls: Apple, Netflix, Nvidia, Uber, Tesla, Microsoft, Amazon & more"
1/24/2024,"Stocks making the biggest moves premarket: Netflix, AT&T, Tesla, EBay, AMD and more"
1/25/2024,"Stocks making the biggest moves after hours: Tesla, IBM, Las Vegas Sands and more"
1/25/2024,"Tesla seems to be going through ‘a little bit of an identity crisis’, says G ..."
1/25/2024,"Tesla shares fall after hours, beaten out by BYD in Q4 sales"
1/25/2024,"Here are Thursday’s biggest analyst calls: Tesla, Apple, Boeing, IBM, Meta, Microsoft, Rivian, Amazon & ..."
1/26/2024,"Final Trades: Tesla, Uber, and Southern Copper"
1/2/2024,"Stocks making the biggest premarket moves: Apple, Tesla, Estee Lauder, Coinbase and more"
1/3/2024,"Three-Stock Lunch: Apple, Tesla and Moderna"
1/22/2024,"Here are Monday’s biggest analyst calls: Tesla, Nvidia, Apple, AMD, Home Depot, Western Digital & ..."
12/1/2023,Tesla makes first deliveries of long-awaited and controversial Cybertruck
11/10/2023,"Tesla shares drop 5% after HSBC initiates coverage, says sell"
11/1/2023,Tesla wins first U.S. Autopilot trial involving fatal crash
11/8/2023,Top auto analyst Jonas lists 4 things Tesla could do to stop its slide
11/15/2023,GM snatches key Tesla gigacasting supplier
11/30/2023,"UAW launches union campaigns at Tesla, 12 other automakers in the U.S."
11/30/2023,What Wall Street analysts expect from Tesla’s Cybertruck launch event
1/17/2024,"Elon Musk is very much in charge of Tesla, him wanting more stock is ‘weird’: ..."
1/17/2024,"Stocks making the biggest moves before the bell: Spirit, Tesla, Teladoc, Rivian and more"
1/17/2024,"Here are Wednesday’s biggest analyst calls: Apple, Tesla, Rivian, Amazon, Netflix, Ford, Rocket Lab and ..."
1/18/2024,"Tesla might be the first to exit the Magnificent 7, says Jim Cramer"
1/18/2024,EVs struggling in cold happening under ‘rare circumstances’: Tesla investor Sawyer Merritt
10/31/2023,"Tesla shares drop 5% on Panasonic battery warning, down 18% since Q3 earnings report"
11/28/2023,Tesla beats claim that it fired factory workers amid union campaign
12/7/2023,Tesla faces continued pressure as European workers push to unionize
12/8/2023,Bernstein’s Toni Saccogahi on why he’s underweight Tesla: 2024 & 2025 will be ’pretty tough ...
12/22/2023,"Here are Friday’s biggest analyst calls: Nvidia, Nike, Amazon, Tesla, Disney, CVS, Netflix, Coinbase & ..."
1/12/2024,"We like the Mag 5 but are not fans of Apple or Tesla, says Cantor ..."
1/12/2024,"Selling part of Tesla fleet is a ‘black eye for Hertz’, says Wedbush’s Dan Ives"
1/13/2024,"Stocks making the biggest moves midday: United Airlines, CVS, Tesla, Citi, DocuSign and more"
10/24/2023,"Tesla discloses DOJ probes over vehicle range, personal benefits and more"
12/1/2023,Elon Musk unveils the Tesla Cybertruck
12/1/2023,Tesla Cybertruck pricing revealed
12/2/2023,"Tesla needs to evolve product portfolio to grow further, says Oppenheimer’s Rusch"
10/14/2023,"As Tesla price cuts concede billions in sales, investors push Elon Musk to finally spend ..."
10/21/2023,"Tesla stock ends the week down 15%, the worst performance of the year"
10/27/2023,"Hertz pulls back on EV plans citing Tesla price cuts, high repair costs"
11/10/2023,Startup Li Auto is beating Tesla China’s EV sales
11/10/2023,Here’s why Ron Baron is sticking with Tesla and Elon Musk: ’He’s the lowest cost ...
12/13/2023,"Stocks making the biggest moves before the bell: Tesla, Pfizer, Roblox, Hertz and more"
12/14/2023,"Stocks making the biggest moves midday: Etsy, Pfizer, Tesla, Vertex Pharmaceuticals and more"
1/8/2024,Elon Musk’s drug use worries leaders at Tesla and SpaceX
10/12/2023,Hedge fund manager Dan Niles is short Tesla as stock rises 5% this month. Here’s ...
10/13/2023,"Tesla whistleblowers filed a complaint to the SEC in 2021, but the agency never interviewed ..."
10/19/2023,Tesla CEO Elon Musk sounds pessimistic note about economy on earnings call
11/22/2023,NYC Comptroller urges Tesla board to hold Elon Musk accountable
10/4/2023,Is it time to buy Tesla? Two investors present the bull and bear case
10/19/2023,"Tesla shares plummet 9% after Elon Musk sounds cautionary note, downplays Cybertruck"
11/18/2023,"Investors should sell Tesla stock if they don’t like Musk’s comments, says Slow Ventures’ Sam ..."
1/3/2024,"Here are Wednesday’s biggest analyst calls: Nvidia, Netflix, Amazon, Apple, Tesla, Verizon, Eli Lilly & ..."
10/2/2023,"Tesla reported 435,059 deliveries for the third quarter, and production of 430,488 vehicles"
11/4/2023,"UAW has Tesla, Toyota in its sights after contract wins at Detroit automakers"
11/14/2023,"Tesla is the biggest A.I. play in the world, says ARK Invest CEO Cathie Wood"
12/5/2023,Tesla’s Cybertruck will be ‘the most impactful vehicle’ people have seen: Ross Gerber
9/27/2023,"Deutsche Bank trims Tesla price target, cites risks to the electric vehicle maker’s prospects going ..."
10/11/2023,"Jefferies worries Tesla may be losing its lead in EV tech, cuts price target"
10/27/2023,"These Nasdaq stocks are already in a bear market, including Tesla and Airbnb"
11/9/2023,"Thursday’s analyst calls: One bank says sell Tesla, Goldman sees big Disney upside"
11/10/2023,Tesla super bull Dan Ives on why he believes a nearly 50% rally is ahead
11/10/2023,"Watch what happens once Tesla starts selling cars for $25,000, says billionaire investor Ron Baron"
12/1/2023,Tesla’s Cybertruck launch: What investors need to know
12/1/2023,What Tesla’s Cybertruck means for the future of the automaker
12/2/2023,"Tesla’s Cybertruck is an ‘awesome’ yet polarizing vehicle, says Canaccord’s George Gianarikas"
2/6/2024,"Tesla’s board needs to get rid of 3-4 members, says shareholder Ross Gerber"
9/29/2023,"EEOC sues Tesla, alleging widespread racist harassment of Black workers, retaliation against those who spoke ..."
10/19/2023,Chinese EV stocks tank after Tesla earnings disappoint
10/26/2023,"Tesla rival Xpeng presses ahead with driver-assist rollout in China, Europe"
11/28/2023,Forget Tesla. Portfolio manager names another way — and stock — to play the EV ...
9/11/2023,Morgan Stanley upgrades Tesla and makes it a top pick with analyst Adam Jonas predicting ...
9/12/2023,Tesla shares soar 10% after Morgan Stanley upgrade
9/29/2023,"In Tesla trial over Autopilot fatality, lawyer cites ‘experimental vehicles’"
10/9/2023,Tesla’s China EV sales fall 11%
10/19/2023,Tesla story ‘broken?’ Analysts cut their price targets on the electric car maker after disappointing ...
11/2/2023,Why one Tesla manager thinks used cars are ‘absolutely pivotal’ for EVs
11/3/2023,Chinese Tesla rival Nio cuts 10% of workforce as CEO predicts ‘intense competition’
12/22/2023,"Tesla and Elon are a ‘lightning rod’ for news, says Fmr. Ford CEO Mark Fields"
12/23/2023,"2024 will be a ‘golden year’ for Tesla, says Wedbush’s Dan Ives"
9/13/2023,Morgan Stanley’s auto analyst says investors didn’t like his Tesla upgrade this week
10/5/2023,Ex-Tesla factory worker loses bid for new trial in race bias
12/18/2023,"Here are Monday’s biggest analyst calls: Nvidia, Netflix, Tesla, Amazon, Sunnova, Boeing, Snap, Salesforce and ..."
12/19/2023,Tesla to raise pay for hourly Nevada Gigafactory workers in January
9/1/2023,"Tesla reportedly facing DOJ, SEC probes over plans to build Elon Musk a large glass ..."
9/1/2023,"Tesla launches new Model 3 in China, Europe with longer driving range"
9/2/2023,"Tesla shares close down 5% after price cuts, Model 3 refresh"
9/15/2023,Morgan Stanley loves these 4 tech stocks which provide parts for Tesla’s supercomputer
9/18/2023,Turkish President Erdogan invites Elon Musk to build his next Tesla factory in Turkey
9/30/2023,Here’s why Tesla is at the center of the UAW strikes
10/6/2023,Hyundai and Kia to adopt Tesla’s EV charging tech next year
10/6/2023,Tesla cuts Model 3 and Model Y prices in the U.S. after car deliveries fall
11/14/2023,"Stocks making the biggest moves midday: Tesla, Warner Bros. Discovery, Boeing, HP and more"
11/14/2023,Bernstein’s Toni Sacconaghi on Tesla’s challenge: It’s playing in ‘a hyper-competitive marketplace’
12/14/2023,"Here are Thursday’s biggest analyst calls: Apple, Tesla, Amazon, Wynn, Delta, Microsoft, Boeing & more"
1/30/2024,Tesla’s Cybertruck goes on China tour as stock reverses 2024 slide
8/23/2023,Tesla engineering executive Colin Campbell joins Redwood Materials as technology chief
8/25/2023,Tesla hasn’t issued final pricing or specs for Cybertruck as Musk memo warns of manufacturing ...
8/26/2023,Tesla Autopilot safety probe by federal vehicle regulators nears completion
8/30/2023,Tesla ordered by auto regulators to provide data on ‘Elon mode’ Autopilot configuration
9/11/2023,"Seat massages, smartphones and driverless features: Automakers turn to tech to take on Tesla"
10/2/2023,"Evercore ISI upgrades this electric vehicle maker, says it can become the next Tesla"
10/18/2023,"Tesla is not immune from weakness in the broader auto sector, says Roth’s Craig Irwin"
10/19/2023,"Tesla should be seen as both an automotive and an AI play, says KKM Financial’s ..."
10/19/2023,Tesla Q3 earnings: Here’s what to expect
10/19/2023,Tesla and Netflix earnings: Here’s what to expect
10/19/2023,Tesla and Netflix Q3 earnings: What to expect
10/19/2023,"Ultimately Tesla needs to improve its margins, says Deepwater Asset’s Gene Munster"
10/19/2023,"The near-term is quite challenging for Tesla, says Wells Fargo’s Colin Langan"
10/20/2023,Here’s why Guggenheim’s Ron Jewsikow makes the bearish case for Tesla
10/20/2023,Tesla tumbles after posting quarterly results. Here’s what the pros say
10/20/2023,Tesla bull Gary Black and bear Dan Nathan debate what’s next after Q3 earnings
12/12/2023,"Here are Tuesday’s biggest analyst calls: Apple, Tesla, Boeing, Airbnb, GM, Coinbase, Target, Macy’s and ..."
12/13/2023,"Here are Wednesday’s biggest analyst calls: Tesla, Apple, Amazon, Microsoft, Ferrari, Roblox, Disney and more"
12/14/2023,"Stock Movers: J&J, Vertex Pharma and Tesla"
9/18/2023,"Goldman Sachs analyst lowers earnings forecast on Tesla, cites price cuts and slimmer margins"
9/30/2023,How Tesla is at the center of the UAW strikes
10/13/2023,"U.S. electric-vehicle sales hit record high, Tesla loses market share: Report"
10/14/2023,"Tesla is the ev gorilla that makes money, says EMJ’s Eric Jackson"
12/8/2023,"No automaker has made an EV that can keep up with Tesla, says Jim Cramer"
8/7/2023,Tesla CFO Zach Kirkhorn steps down
8/16/2023,"Tesla makes further price cuts in China, reducing models S and X by $7,400 to ..."
9/13/2023,"Ron Baron stands by Tesla, sees the EV maker 4 to 5 times bigger in ..."
9/20/2023,Cathie Wood says Tesla is the ‘biggest AI opportunity in the world’ today
10/7/2023,"Three-Stock Lunch: Disney, Tesla and Exxon"
8/3/2023,Tesla faces California class action on its EV range claims
8/11/2023,US probing Virginia fatal crash involving Tesla suspected of running on automated driving system
9/4/2023,"BMW, Mercedes launch biggest EV push yet to catch Tesla with new models"
9/7/2023,"Tesla to install charging stations at 2,000 Hiltons in North America"
9/8/2023,UBS loves these electric vehicle stocks — and says one offers China’s ’answer to Tesla ...
9/9/2023,How Elon Musk set Tesla on a new course for self-driving
9/30/2023,Options Action: Tesla jumps ahead of Q3 production and delivery numbers
10/3/2023,"We’re in the middle phases of the Tesla growth story, says Wedbush’s Dan Ives"
10/3/2023,Cramer’s Stop Trading: Tesla
10/4/2023,"Veterans from Tesla, Northvolt hatch plan to mass-produce huge batteries to store solar and wind ..."
12/1/2023,"Cybertruck ‘does move the needle’ for Tesla, says Wedbush’s Dan Ives"
12/1/2023,"Stocks making the biggest moves premarket: Pfizer, Disney, Tesla, Alibaba and more"
12/1/2023,"Here are Friday’s biggest analyst calls: Tesla, Boeing, Amazon, Delta, Spotify, Alibaba, Johnson & Johnson ..."
12/2/2023,"Stocks making the biggest moves midday: Tesla, Disney, Alibaba, Ulta Beauty and more"
7/27/2023,"Tesla under investigation by California attorney general over Autopilot safety, marketing"
7/27/2023,Tesla created secret team to suppress thousands of driving range complaints
8/14/2023,"Tesla cuts prices again in China for Model Y, Model 3"
8/15/2023,"Tesla launches lower-range Model X and Model S that are $10,000 cheaper"
9/28/2023,"EV makers such as Tesla could fall under Europe’s subsidy probe into China, EU’s trade ..."
11/29/2023,"Here are Wednesday’s biggest analyst calls: Apple, Amazon, Tesla, Schwab, Pinterest, Exxon, Disney and more"
4/9/2024,5 things to know before the stock market opens Tuesday
4/9/2024,Elon Musk is trying to highlight the value that robotaxis could bring: RBC Capital’s Tom ...
7/17/2023,"Elizabeth Warren urges SEC to investigate Tesla over Twitter ties, corporate governance"
7/18/2023,Tesla directors pay $735 million to settle lawsuit over excess compensation
7/21/2023,Why Tesla investors should care about Elon Musk’s multiplying ventures
8/1/2023,Tesla faces new NHTSA probe over loss of steering control in Model 3 and Y ...
9/19/2023,"Tesla may open factories in Turkey, where Ford has a long history: Atlantic Council CEO ..."
9/19/2023,"There’s a definite cost advantage for Tesla using non-union plants, says Gabelli’s Brian Sponheimer"
9/19/2023,‘Elon Musk’ author Walter Isaacson talks reports of a Saudi Arabia Tesla factory
9/19/2023,ARK CEO Cathie Wood on self-driving taxis: It’s a ‘winner take most’ market for Tesla
10/19/2023,"Tesla’s margin pressure weighing on revenue and earnings, says Vital Knowledge’s Adam Crisafulli"
10/19/2023,"Ford should be worried about Tesla’s Cybertruck, says ARK’s Tasha Keeney"
10/19/2023,"Stocks making the biggest moves after hours: Netflix, Tesla, Lam Research, Las Vegas Sands and ..."
10/19/2023,"Tesla’s near-term results ‘a dissapointment’, says Deepwater’s Gene Munster"
10/19/2023,Tesla will probably be able to achieve its goal of 1.8 million deliveries by end ...
10/19/2023,"Stocks making the biggest moves premarket: Tesla, Netflix, Peloton and more"
10/19/2023,"Here are Thursday’s biggest analyst calls: Tesla, Netflix, Best Buy, Amazon, First Solar, Disney & ..."
10/19/2023,"Tesla’s Q3 conference call was the definition of a disaster, says Wedbush’s Dan Ives"
10/20/2023,"Stocks making the biggest moves midday: Tesla, Netflix, American Airlines, AT&T and more"
7/12/2023,Tesla settles class-action Solar Roof lawsuit for $6 million
7/15/2023,"Elon Musk plans Tesla and Twitter collaborations with xAI, his new startup"
7/20/2023,Tesla shares dip after hours as earnings call disappoints
9/11/2023,Morgan Stanley upgrades Tesla
9/13/2023,"Tesla price cuts will continue as mid- and lower-end EV competition grows, says Chris Pierce"
10/10/2023,"Here are Tuesday’s biggest analyst calls: Apple, Tesla, Microsoft, Rivian, Amazon, Skechers, Block and more"
10/13/2023,"Here are Friday’s biggest analyst calls: Nvidia, Tesla, Dollar General, Amazon, Meta, SolarEdge & more"
11/18/2023,"Tesla can still grow its volumes by 30-35 percent a year, says Future Fund’s Gary ..."
11/20/2023,"Here are Monday’s biggest analyst calls: Nvidia, Apple, Amazon, Boeing, Tesla, Dell, Microsoft & more"
6/29/2023,Polestar is the latest EV maker to announce a move to Tesla’s North American charging ...
7/3/2023,"Tesla reported 466,140 deliveries for the second quarter, and production of 479,700 vehicles"
7/6/2023,NHTSA presses Tesla for more records in Autopilot safety probe
7/7/2023,"EV sales: Hyundai overtakes GM, but Tesla’s U.S. dominance continues"
7/21/2023,"Netflix and Tesla stock will work their way back up after Thursday’s plunge, Cramer says"
8/9/2023,Indian automaker Mahindra says competition from Tesla ‘does not faze us’
8/11/2023,A totaled Tesla was sold for parts in the U.S. but came back online in ...
9/4/2023,Mercedes and BMW want to take on Tesla. Check out their new electric concept cars
11/14/2023,"Here are Tuesday’s biggest analyst calls: Nvidia, Tesla, Apple, Disney, Microsoft, AMD, Amazon, Adobe & ..."
11/17/2023,"Elon Musk’s behavior and damage to Tesla brand is ‘absolutely outrageous’, says investor Ross Gerber"
6/28/2023,Volvo just became the latest EV maker to move to Tesla’s charging standard
7/3/2023,Here’s what analysts are saying after Tesla’s second-quarter vehicle deliveries report
9/30/2023,"Stocks making the biggest moves midday: Tesla, Nike, Carnival, Nvidia and more"
11/9/2023,"Here are Thursday’s biggest analyst calls: Nvidia, Disney, Tesla, Instacart, Arm, Rivian, Target & more"
11/10/2023,"Not being a union shop gives Tesla ‘flexibility’, says Craft Ventures’ David Sacks"
1/10/2024,Last Call panel discusses if Tesla’s Cybertruck has a ‘snow problem’
6/9/2023,"GM to use Tesla charging network, joining Ford in leveraging the EV leader’s tech"
6/10/2023,What Tesla charging partnerships with Ford and GM mean for the EV industry
6/21/2023,Jim Cramer says he’s betting on Ford but still thinks Tesla is a buy
6/21/2023,"Tesla secret configuration allows select drivers to use Autopilot, FSD without a nag to take ..."
6/22/2023,"Longtime Tesla bull Adam Jonas downgrades the electric-vehicle maker, cites high valuation after rally"
6/23/2023,Ron Baron says Tesla shares will hit $500 in 2025
7/24/2023,"UBS downgrades Tesla, says recent rally fully accounts for demand boost"
8/22/2023,"Verizon will continue to outperform Tesla over the year, says MAI Capital’s Chris Grisanti"
8/22/2023,Manufacturing margins & subscription monetization could be catalysts for Tesla: Oppenheimer’s Rusch
8/23/2023,"Three-Stock Lunch: Tesla, Lowe’s, and Comerica"
8/23/2023,Is Nvidia the new Tesla? WSJ’s Gunjan Banerji breaks down the comparison
9/23/2023,Going beyond Tesla: ETF bets solely on electric vehicle makers
9/27/2023,"Here are Wednesday’s biggest analyst calls: Tesla, Apple, Microsoft, Mattel, Amazon, Costco and more"
11/4/2023,"UAW’s Tesla push could push Musk into robotic car building faster, says Ross Gerber"
4/4/2024,"Ford to delay all-electric SUV, truck to focus on offering hybrid vehicles across its lineup ..."
5/30/2023,Tesla shares rise as Elon Musk meets with China’s foreign minister
6/26/2023,"Goldman Sachs downgrades Tesla, citing difficult pricing environment for electric vehicles"
7/27/2023,"In challenge to Tesla, major automakers launch EV charging network"
8/17/2023,Options Action: Traders betting on more downside from Tesla
9/19/2023,"Stocks making the biggest moves midday: Marathon Petroleum, Tesla, Moderna and more"
10/30/2023,"Here are Monday’s biggest analyst calls: Nvidia, Tesla, Apple, AbbVie, Chevron, Krispy Kreme, Roku and ..."
10/31/2023,"Here are Tuesday’s biggest analyst calls: Tesla, SoFi, Pinterest, Roku, Boeing, Apple, Shopify, Chewy and ..."
11/1/2023,"Elon Musk: Tesla aims to produce about 200,000 Cybertrucks a year"
5/16/2023,Tesla CEO Elon Musk says he must approve all new hires in internal email
5/17/2023,"Tesla 2023 shareholder meeting: Musk talks Cybertruck, economy, advertising"
6/1/2023,Elon Musk wrapped up his first visit to China in years. Here’s what the Tesla ...
6/9/2023,"Tesla’s charging partnerships with Ford, GM will speed up green energy transition, Cathie Wood says"
6/17/2023,Elon Musk says Tesla’s market cap is directly tied to whether it solves autonomous driving
7/20/2023,The infrastructure play will be huge for Tesla in the long term: Analyst
7/20/2023,"Tesla shares down on slimming margins, Cybertruck concerns"
7/20/2023,The one piece of news from Tesla’s earnings report that’s got analysts buzzing
8/12/2023,"Cyber concerns: CNBC executive’s old Tesla ends up in Ukraine, new owner able to access ..."
9/11/2023,"Here are Monday’s biggest analyst calls: Tesla, Apple, Nvidia, Amazon, Microsoft, Block, Netflix & more"
9/11/2023,"Stocks making the biggest moves midday: Tesla, Qualcomm, Meta, Moderna and more"
9/12/2023,"Here are Tuesday’s biggest analyst calls: Nvidia, Tesla, CVS, Oracle, Walmart, Meta, Disney and more"
9/13/2023,"Here are Wednesday’s biggest analyst calls: Apple, Tesla, FedEx, Match, Ford, Amazon, Microsoft and more"
5/9/2023,Tesla urged by seven senators to end forced arbitration for workers and customers
5/18/2023,"Elon Musk subpoena in Epstein-JPMorgan lawsuit can be served to Tesla, judge rules"
5/26/2023,Ford EVs will use Tesla charging tech in surprise partnership between rival automakers
5/27/2023,"Ford’s EV charging deal with Tesla puts pressure on GM, other rival automakers"
9/7/2023,"Stocks making the biggest moves midday: Roku, Tesla, AMC, AeroVironment and more"
10/21/2023,"I don’t understand Elon Musk’s reluctance to invest in Tesla advertising, says Ross Gerber"
10/24/2023,"Here are Tuesday’s biggest analyst calls: Apple, Nvidia, Amazon, Tesla, DraftKings, Meta, Monster & more"
12/29/2023,WSJ’s Tim Higgins and Deepwater’s Gene Munster talk Tesla’s competition in the Chinese EV space
5/22/2023,Tesla vs. BYD: Here’s why one fund manager prefers the Buffett-backed automaker
6/14/2023,France wants Elon Musk to build Tesla factory in the country even as it threatens ...
6/15/2023,What’s behind Tesla’s record winning streak? Top analyst Adam Jonas has a theory
