Date,News Title
2024-05-06,"U.S. automakers like GM are rapidly losing ground in China, once an engine for growth"
2024-05-05,Auto analysts pick who can survive China’s cut-throat EV market
2024-05-05,Warren Buffett on the risk from Tesla’s self-driving tech to Berkshire’s insurance businesses
2024-05-04,May will be a month that determines how returns for the year will look: NYU’s ...
2024-05-03,China’s automakers must adapt quickly or lose out on the EV boom in the face ...
2024-05-03,"Don’t rate Tesla’s Full Self Driving too highly, tech investor says: ’By no means autonomous ..."
2024-05-03,Here come Apple’s quarterly results. This is what traders are watching
2024-05-02,"Here are Thursday’s biggest analyst calls: Ferrari, Netflix, Tesla, Nvidia, TJX, Carvana & more"
2024-05-02,"Tesla rescinds internship offers, report says"
2024-05-02,Shares of Nio soar more than 20% as EV deliveries more than double in April
